p_val,avg_logFC,pct.1,pct.2,p_val_adj,cluster,gene
0,2.491937097,0.968,0.103,0,Cluster 1,Vip
0,1.475954893,0.828,0.147,0,Cluster 1,Cbln2
2.14E-303,1.472150869,0.998,0.558,2.79E-300,Cluster 1,Sorcs3
2.77E-299,1.304080952,0.955,0.236,3.61E-296,Cluster 1,Prox1
5.82E-275,1.598876965,0.998,0.495,7.57E-272,Cluster 1,Adarb2
6.71E-253,1.565017351,0.965,0.517,8.73E-250,Cluster 1,Sorcs1
3.22E-244,1.206881853,0.998,0.73,4.19E-241,Cluster 1,Sez6
1.79E-241,0.952214069,1,0.961,2.33E-238,Cluster 1,Csmd3
3.69E-239,1.094353862,0.992,0.634,4.81E-236,Cluster 1,Kcnt2
4.94E-227,1.059273848,0.986,0.623,6.43E-224,Cluster 1,Igf1
4.69E-210,1.155270849,0.992,0.747,6.11E-207,Cluster 1,Hs6st3
3.59E-191,0.999344622,0.975,0.679,4.67E-188,Cluster 1,Slc44a5
1.57E-186,0.496367757,1,0.994,2.04E-183,Cluster 1,Nrxn1
1.58E-186,0.966118927,0.975,0.752,2.06E-183,Cluster 1,Sdk1
1.51E-179,0.726358406,0.98,0.875,1.96E-176,Cluster 1,Magi3
5.37E-175,1.011108583,0.992,0.854,7.00E-172,Cluster 1,Cdh12
9.36E-173,1.120838887,0.75,0.21,1.22E-169,Cluster 1,Egfr
2.67E-165,1.403649617,0.7,0.251,3.48E-162,Cluster 1,Sema5b
1.48E-164,1.632850477,0.59,0.137,1.92E-161,Cluster 1,Penk
3.65E-158,0.947201564,0.949,0.534,4.75E-155,Cluster 1,Fstl4
4.99E-156,0.9571184,0.519,0.098,6.50E-153,Cluster 1,Shisa8
3.63E-149,1.001769807,0.897,0.411,4.73E-146,Cluster 1,Kit
4.61E-148,0.888736178,0.952,0.659,6.00E-145,Cluster 1,Arpp21
2.69E-147,0.759170414,0.952,0.494,3.50E-144,Cluster 1,Cacna2d1
2.35E-145,1.019322267,0.879,0.525,3.06E-142,Cluster 1,Galnt18
2.01E-143,0.580824927,0.986,0.918,2.61E-140,Cluster 1,Zbtb16
5.25E-141,0.834286909,0.969,0.703,6.84E-138,Cluster 1,Cnr1
4.05E-140,0.949798515,0.923,0.579,5.27E-137,Cluster 1,Caln1
3.14E-139,1.456195844,0.665,0.235,4.09E-136,Cluster 1,Crh
3.99E-138,0.476760456,0.998,0.958,5.19E-135,Cluster 1,Cit
3.68E-136,0.826627498,0.931,0.622,4.79E-133,Cluster 1,Pde4b
1.56E-135,0.851235214,0.908,0.59,2.03E-132,Cluster 1,Ap1s2
2.68E-135,0.564510831,0.994,0.935,3.49E-132,Cluster 1,Slc2a13
4.36E-132,0.89306488,0.916,0.601,5.68E-129,Cluster 1,Pdzrn4
1.40E-130,0.634750012,0.992,0.865,1.83E-127,Cluster 1,Pcsk2
7.63E-130,1.027984248,0.7,0.255,9.93E-127,Cluster 1,Rgs12
4.83E-128,0.719043415,0.98,0.633,6.29E-125,Cluster 1,Nfib
1.86E-127,1.080280447,0.674,0.261,2.42E-124,Cluster 1,Htr2c
1.60E-126,0.654010189,0.98,0.84,2.08E-123,Cluster 1,Nr3c2
1.18E-125,0.656629644,1,0.733,1.53E-122,Cluster 1,Synpr
6.21E-120,0.86856592,0.909,0.698,8.09E-117,Cluster 1,Sorcs2
1.30E-117,0.649063749,0.992,0.858,1.69E-114,Cluster 1,Kcnq5
1.41E-115,0.616815502,0.991,0.796,1.83E-112,Cluster 1,Dscam
2.92E-112,1.249434884,0.588,0.213,3.81E-109,Cluster 1,Vwc2l
1.87E-110,0.493106446,0.985,0.951,2.44E-107,Cluster 1,Sobp
1.82E-106,0.838488173,0.813,0.456,2.37E-103,Cluster 1,Prkd1
2.44E-97,0.751218053,0.885,0.567,3.17E-94,Cluster 1,Chsy3
1.14E-96,0.818602646,0.797,0.432,1.49E-93,Cluster 1,Necab1
2.14E-96,0.464312702,1,0.997,2.79E-93,Cluster 1,Hdac9
7.27E-95,0.681569948,0.919,0.637,9.47E-92,Cluster 1,Ust
1.65E-94,0.623818562,0.952,0.841,2.14E-91,Cluster 1,Kcnb2
1.85E-93,1.043572294,0.777,0.533,2.40E-90,Cluster 1,Cxcl14
3.11E-89,0.518749628,0.994,0.967,4.05E-86,Cluster 1,Ptprd
1.70E-87,0.786973119,0.846,0.599,2.22E-84,Cluster 1,Shisa9
2.35E-84,0.588949092,0.908,0.638,3.06E-81,Cluster 1,Ptpro
5.56E-84,0.345304686,0.998,0.977,7.24E-81,Cluster 1,Olfm1
1.09E-83,0.636385452,0.869,0.596,1.42E-80,Cluster 1,Lrfn2
3.34E-81,0.445784769,0.994,0.919,4.35E-78,Cluster 1,Scg2
2.08E-79,0.539835151,0.969,0.858,2.71E-76,Cluster 1,Dgkb
3.83E-79,0.637221371,0.912,0.73,4.99E-76,Cluster 1,Dock10
2.00E-78,0.44254894,0.968,0.845,2.60E-75,Cluster 1,Susd4
4.47E-77,0.819900139,0.739,0.446,5.81E-74,Cluster 1,Pvrl3
1.57E-76,0.347875026,0.986,0.926,2.05E-73,Cluster 1,Elmod1
1.04E-75,0.476049899,0.962,0.853,1.36E-72,Cluster 1,Cplx2
1.28E-75,0.358458807,1,0.992,1.66E-72,Cluster 1,Pde4d
7.41E-75,1.058721488,0.531,0.237,9.65E-72,Cluster 1,Col24a1
1.64E-74,0.425505559,1,0.985,2.14E-71,Cluster 1,Lrrc4c
5.60E-74,0.414824161,0.986,0.914,7.29E-71,Cluster 1,Cacnb2
7.17E-74,0.425987266,0.989,0.935,9.33E-71,Cluster 1,Slc24a3
1.95E-73,0.446896176,0.963,0.858,2.54E-70,Cluster 1,Slc35f4
4.47E-73,1.141907292,0.659,0.406,5.82E-70,Cluster 1,Calb2
7.41E-73,0.441390498,0.971,0.834,9.64E-70,Cluster 1,Srrm4
1.37E-70,0.291310832,0.998,0.974,1.78E-67,Cluster 1,Nbea
1.80E-69,0.418757283,0.995,0.92,2.35E-66,Cluster 1,Edil3
1.71E-68,0.530963114,0.923,0.691,2.22E-65,Cluster 1,Galnt14
6.77E-68,0.394143216,1,0.936,8.82E-65,Cluster 1,Dab1
9.08E-68,0.451931116,0.994,0.906,1.18E-64,Cluster 1,Lingo2
6.93E-66,0.447867883,0.995,0.896,9.02E-63,Cluster 1,Npas3
8.04E-66,0.574075405,0.942,0.816,1.05E-62,Cluster 1,Dcc
1.57E-65,0.608186667,0.76,0.465,2.04E-62,Cluster 1,Sh3gl3
9.26E-65,0.69796799,0.791,0.562,1.21E-61,Cluster 1,Khdrbs2
1.53E-63,0.558159531,0.869,0.634,1.99E-60,Cluster 1,Nell2
1.43E-62,0.430012377,0.975,0.837,1.86E-59,Cluster 1,Ntrk3
5.13E-62,0.672058964,0.794,0.533,6.68E-59,Cluster 1,Mlip
2.46E-61,0.27144456,0.998,0.986,3.20E-58,Cluster 1,Aplp2
1.21E-59,0.569264497,0.662,0.341,1.57E-56,Cluster 1,Necab2
1.50E-59,0.522215516,0.645,0.313,1.96E-56,Cluster 1,Nr2f2
2.17E-57,0.53658954,0.805,0.537,2.82E-54,Cluster 1,Gng4
3.87E-57,0.411380116,0.965,0.875,5.04E-54,Cluster 1,Fstl5
7.69E-57,0.38243812,1,0.97,1.00E-53,Cluster 1,Lrp1b
1.67E-55,0.326463496,0.977,0.938,2.18E-52,Cluster 1,Dync1i1
2.04E-55,0.294671942,0.988,0.963,2.66E-52,Cluster 1,Thy1
2.23E-55,0.554382284,0.926,0.816,2.90E-52,Cluster 1,Wbscr17
1.72E-54,0.331301554,0.975,0.923,2.24E-51,Cluster 1,Grid1
5.06E-54,0.292419846,0.991,0.974,6.59E-51,Cluster 1,Ptprn
5.07E-54,0.628370745,0.765,0.563,6.60E-51,Cluster 1,Serpine2
1.28E-53,0.308823127,0.989,0.967,1.66E-50,Cluster 1,Limch1
1.38E-53,0.411855093,0.922,0.819,1.80E-50,Cluster 1,St8sia5
1.92E-53,0.463278989,0.853,0.669,2.50E-50,Cluster 1,Dlx1
6.71E-53,0.267178328,0.997,0.988,8.73E-50,Cluster 1,Auts2
2.02E-52,0.384142876,0.988,0.921,2.62E-49,Cluster 1,Cntn4
5.84E-51,0.371885916,0.998,0.944,7.61E-48,Cluster 1,Lrrtm4
1.51E-49,0.359069362,0.971,0.886,1.97E-46,Cluster 1,Shank2
9.65E-49,0.493784288,0.897,0.766,1.26E-45,Cluster 1,Alcam
4.63E-48,0.54485517,0.779,0.609,6.03E-45,Cluster 1,Pcp4
6.08E-47,0.346322083,0.998,0.949,7.92E-44,Cluster 1,Erbb4
2.90E-46,0.444356964,0.851,0.674,3.78E-43,Cluster 1,Gabra2
6.63E-46,0.421620684,0.929,0.784,8.63E-43,Cluster 1,Brinp3
2.81E-44,0.262567932,0.997,0.978,3.66E-41,Cluster 1,Sntg1
1.11E-43,0.267093978,0.974,0.93,1.44E-40,Cluster 1,Fam49a
2.04E-43,0.43904166,0.912,0.806,2.66E-40,Cluster 1,Pdzd2
2.26E-43,0.472922447,0.856,0.778,2.94E-40,Cluster 1,Ano4
2.67E-43,0.416235215,0.926,0.687,3.47E-40,Cluster 1,Adcy2
1.16E-41,0.855176682,0.684,0.534,1.51E-38,Cluster 1,Cck
1.85E-40,0.357390243,0.989,0.951,2.41E-37,Cluster 1,Grm7
1.99E-40,0.319723059,0.998,0.962,2.59E-37,Cluster 1,Grid2
4.82E-40,0.488642594,0.713,0.467,6.28E-37,Cluster 1,Chrna7
1.49E-39,0.665028433,0.582,0.363,1.94E-36,Cluster 1,Bmper
1.88E-39,0.331365026,0.92,0.827,2.44E-36,Cluster 1,Ptpn5
3.05E-39,0.38703271,0.926,0.712,3.97E-36,Cluster 1,Zmat4
3.07E-39,0.437387459,0.905,0.795,4.00E-36,Cluster 1,Tenm3
9.16E-39,0.588858303,0.258,0.087,1.19E-35,Cluster 1,Pkp2
1.65E-38,0.317518174,0.965,0.919,2.15E-35,Cluster 1,Slc35f1
2.02E-37,0.44926717,0.857,0.677,2.63E-34,Cluster 1,Fam19a2
2.21E-37,0.434545517,0.78,0.588,2.88E-34,Cluster 1,Baiap2
1.63E-35,0.265308815,0.969,0.952,2.12E-32,Cluster 1,Asap1
2.28E-35,0.34447837,0.932,0.844,2.97E-32,Cluster 1,Ttc28
3.43E-35,0.456421374,0.935,0.869,4.47E-32,Cluster 1,Epha3
6.19E-35,0.267897513,0.955,0.897,8.06E-32,Cluster 1,Camk2d
1.93E-34,0.265463489,0.995,0.964,2.51E-31,Cluster 1,Nlgn1
3.78E-32,0.29166755,0.829,0.606,4.92E-29,Cluster 1,Olfm3
4.55E-32,0.860503837,0.783,0.654,5.92E-29,Cluster 1,Grm8
5.20E-31,0.423684937,0.722,0.507,6.77E-28,Cluster 1,Shisa6
2.08E-30,0.273316561,0.957,0.865,2.71E-27,Cluster 1,Fam19a5
2.75E-30,0.285983604,0.945,0.888,3.58E-27,Cluster 1,Gabrg2
9.38E-30,0.501962732,0.364,0.179,1.22E-26,Cluster 1,Hpcal1
2.45E-29,0.279989917,0.897,0.799,3.19E-26,Cluster 1,Bex1
2.91E-29,0.260824266,0.988,0.96,3.79E-26,Cluster 1,Pde10a
4.06E-29,0.298394379,0.914,0.844,5.29E-26,Cluster 1,Cdkl5
5.96E-29,0.278062984,0.954,0.913,7.76E-26,Cluster 1,Cdk14
8.63E-29,0.414434731,0.68,0.469,1.12E-25,Cluster 1,Npas1
1.96E-28,0.300952376,0.942,0.822,2.55E-25,Cluster 1,Mir99ahg
3.73E-28,0.337825512,0.837,0.67,4.85E-25,Cluster 1,Ptpre
5.01E-28,0.596919429,0.837,0.754,6.52E-25,Cluster 1,Gpc6
6.81E-28,0.318437473,0.935,0.823,8.87E-25,Cluster 1,Ncam2
9.95E-28,0.376581408,0.753,0.594,1.30E-24,Cluster 1,Mapk4
1.08E-26,0.279344672,0.928,0.847,1.41E-23,Cluster 1,Cdh10
8.87E-26,0.426133458,0.634,0.454,1.15E-22,Cluster 1,Ldb2
4.50E-25,0.407432511,0.637,0.495,5.86E-22,Cluster 1,Fgfr1
9.40E-25,0.293656398,0.914,0.861,1.22E-21,Cluster 1,Gabra1
2.68E-24,0.256789244,0.971,0.888,3.49E-21,Cluster 1,Cntn6
4.88E-23,0.391681859,0.298,0.145,6.35E-20,Cluster 1,Itgb8
1.23E-22,0.416532716,0.991,0.975,1.61E-19,Cluster 1,Pde1c
1.47E-22,0.562021309,0.585,0.459,1.92E-19,Cluster 1,Plce1
1.96E-22,0.653302375,0.304,0.157,2.55E-19,Cluster 1,Frem1
2.46E-22,0.250965335,0.994,0.846,3.21E-19,Cluster 1,Cacna2d3
3.93E-21,0.400729362,0.934,0.888,5.12E-18,Cluster 1,Pde7b
6.08E-20,0.30565411,0.862,0.775,7.92E-17,Cluster 1,Maml3
1.43E-19,0.288469252,0.808,0.713,1.87E-16,Cluster 1,Snca
1.53E-19,0.295890695,0.8,0.694,1.99E-16,Cluster 1,Ngef
1.28E-18,0.457168329,0.364,0.22,1.66E-15,Cluster 1,Hs3st2
1.81E-18,0.556322701,0.476,0.342,2.36E-15,Cluster 1,Itga8
3.90E-18,0.265118429,0.972,0.932,5.08E-15,Cluster 1,Pcdh15
7.71E-18,0.392055465,0.516,0.363,1.00E-14,Cluster 1,Dkk3
1.92E-17,0.53133979,0.648,0.531,2.50E-14,Cluster 1,Cadps2
6.68E-17,0.261362902,0.857,0.769,8.70E-14,Cluster 1,Kcnh1
3.76E-16,0.38221404,0.591,0.465,4.89E-13,Cluster 1,Diras2
4.97E-16,0.432383254,0.384,0.241,6.47E-13,Cluster 1,Rxfp1
9.65E-16,0.251082874,0.84,0.798,1.26E-12,Cluster 1,Mboat2
1.46E-15,0.275276723,0.814,0.686,1.91E-12,Cluster 1,Cdh8
1.05E-13,0.308107151,0.433,0.299,1.37E-10,Cluster 1,Rnf144a
2.08E-13,0.382667723,0.594,0.481,2.71E-10,Cluster 1,Ghr
4.42E-13,0.47498501,0.332,0.222,5.76E-10,Cluster 1,Gulp1
9.77E-12,0.2538958,0.707,0.613,1.27E-08,Cluster 1,Itpk1
2.67E-10,0.253125598,0.518,0.406,3.47E-07,Cluster 1,Dhcr24
3.20E-10,0.410615871,0.313,0.216,4.17E-07,Cluster 1,Nr4a2
1.45E-08,0.319183562,0.467,0.377,1.88E-05,Cluster 1,Kcnh3
3.60E-08,0.283405254,0.49,0.412,4.68E-05,Cluster 1,Gpc1
4.26E-08,0.295632043,0.667,0.603,5.55E-05,Cluster 1,Ryr3
1.10E-07,0.262531471,0.438,0.352,0.000143693,Cluster 1,L3mbtl4
7.38E-07,0.284900537,0.298,0.222,0.000960503,Cluster 1,Nrn1
1.43E-06,0.30093994,0.49,0.412,0.001855362,Cluster 1,Rorb
0,1.593066369,0.979,0.231,0,Cluster 2,Pvalb
0,1.545392021,0.984,0.326,0,Cluster 2,Cemip
3.65E-275,1.546731696,0.996,0.521,4.75E-272,Cluster 2,Slit2
1.93E-251,1.004062899,0.998,0.901,2.52E-248,Cluster 2,Dock4
2.76E-220,1.042071151,0.998,0.689,3.59E-217,Cluster 2,Cntnap4
5.93E-211,1.060979548,0.996,0.67,7.72E-208,Cluster 2,Sox5
1.63E-206,1.019911032,0.996,0.744,2.13E-203,Cluster 2,Esrrg
9.14E-206,1.166840136,0.954,0.456,1.19E-202,Cluster 2,Tmem132c
5.23E-198,0.936245085,0.993,0.652,6.81E-195,Cluster 2,Slc35f3
4.87E-191,0.990855967,0.975,0.479,6.34E-188,Cluster 2,Gabrd
2.57E-189,1.390913295,0.469,0.049,3.34E-186,Cluster 2,Tac1
2.24E-184,1.005236173,0.972,0.625,2.92E-181,Cluster 2,Tmem108
5.71E-183,0.549972965,1,0.965,7.44E-180,Cluster 2,Kcnc1
5.97E-183,0.961269081,0.998,0.948,7.77E-180,Cluster 2,Plcxd3
8.37E-179,0.871567297,0.986,0.638,1.09E-175,Cluster 2,Rapgef5
9.99E-179,0.568883213,1,0.972,1.30E-175,Cluster 2,Ppargc1a
1.17E-175,1.053138671,0.821,0.257,1.52E-172,Cluster 2,Trpc3
7.79E-172,0.734471661,0.993,0.846,1.01E-168,Cluster 2,Btbd11
9.43E-172,0.72062401,0.998,0.936,1.23E-168,Cluster 2,Kcnh7
1.22E-169,0.886062632,0.993,0.799,1.59E-166,Cluster 2,Tmem132d
1.10E-166,0.745909359,0.995,0.77,1.44E-163,Cluster 2,Fam135b
1.98E-159,1.078477328,0.702,0.198,2.57E-156,Cluster 2,Tll1
7.22E-159,0.832039635,0.991,0.838,9.40E-156,Cluster 2,Ntrk3
1.22E-157,1.015533736,0.948,0.615,1.59E-154,Cluster 2,Trps1
1.68E-156,0.779192152,0.989,0.758,2.19E-153,Cluster 2,Itpr1
3.46E-155,0.603340681,0.998,0.899,4.50E-152,Cluster 2,Kcnc2
2.12E-149,0.640645456,1,0.951,2.76E-146,Cluster 2,Erbb4
1.48E-146,0.650598952,1,0.985,1.93E-143,Cluster 2,Lrrc4c
3.48E-146,0.853786133,0.957,0.628,4.53E-143,Cluster 2,Etv6
1.48E-144,0.735764312,0.989,0.607,1.92E-141,Cluster 2,Coro6
2.69E-141,0.859452261,0.977,0.661,3.51E-138,Cluster 2,Fam19a2
2.78E-141,0.413946024,1,0.979,3.63E-138,Cluster 2,Scn1a
4.79E-140,0.558446289,0.996,0.911,6.24E-137,Cluster 2,Plxna4
8.59E-133,0.518747558,0.996,0.934,1.12E-129,Cluster 2,Atrnl1
6.91E-132,0.745209057,0.968,0.623,9.00E-129,Cluster 2,Arap2
1.06E-131,0.754167722,0.977,0.477,1.38E-128,Cluster 2,Igsf11
1.04E-130,0.708604193,0.982,0.648,1.36E-127,Cluster 2,Ptpre
2.83E-130,0.442961696,0.998,0.984,3.69E-127,Cluster 2,Fgf12
3.06E-126,0.458855577,1,0.998,3.98E-123,Cluster 2,Il1rapl1
5.84E-122,0.974650209,0.858,0.468,7.60E-119,Cluster 2,Eya4
4.36E-121,0.571424442,0.998,0.833,5.68E-118,Cluster 2,Srrm4
1.57E-120,0.547139652,0.996,0.877,2.05E-117,Cluster 2,Prkca
1.41E-116,0.647742162,0.975,0.687,1.84E-113,Cluster 2,Kazn
4.12E-115,0.441439435,0.998,0.949,5.36E-112,Cluster 2,Hcn1
1.68E-111,0.711550837,0.961,0.617,2.19E-108,Cluster 2,Vwc2
2.88E-109,0.446758486,1,0.957,3.75E-106,Cluster 2,Slc24a2
8.33E-109,0.470475307,1,0.979,1.08E-105,Cluster 2,Enox1
1.15E-106,0.744892977,0.941,0.641,1.49E-103,Cluster 2,Rarb
1.20E-106,0.423090102,0.998,0.964,1.57E-103,Cluster 2,Ppfia2
3.44E-106,0.436926208,0.996,0.923,4.48E-103,Cluster 2,Dgki
8.11E-106,0.398595814,1,0.97,1.06E-102,Cluster 2,Mef2c
3.42E-105,0.40093716,0.996,0.939,4.46E-102,Cluster 2,Arhgap5
2.61E-99,0.492751869,0.996,0.876,3.39E-96,Cluster 2,Kcnj3
2.78E-98,0.386677865,1,0.984,3.62E-95,Cluster 2,Kcnma1
3.17E-97,0.459079204,0.991,0.896,4.13E-94,Cluster 2,Arl15
3.40E-97,0.546518959,0.984,0.819,4.43E-94,Cluster 2,Acsl3
2.71E-93,0.971900313,0.639,0.282,3.53E-90,Cluster 2,Fras1
1.35E-92,0.348293211,0.996,0.979,1.76E-89,Cluster 2,Gria4
1.46E-92,0.552609485,0.966,0.767,1.90E-89,Cluster 2,Ppip5k2
2.72E-91,0.434994107,0.995,0.915,3.54E-88,Cluster 2,Luzp1
2.83E-90,0.39172434,1,0.949,3.68E-87,Cluster 2,Cplx1
2.32E-89,0.465582535,0.998,0.907,3.02E-86,Cluster 2,Gabrg3
1.84E-88,0.558469225,0.986,0.831,2.40E-85,Cluster 2,Fmn1
2.06E-87,0.2573947,1,0.989,2.68E-84,Cluster 2,Slc25a3
1.76E-84,0.707627124,0.861,0.574,2.30E-81,Cluster 2,Pdzrn3
1.79E-84,0.610515466,0.989,0.668,2.33E-81,Cluster 2,Sox6
6.35E-84,0.413176712,0.996,0.897,8.26E-81,Cluster 2,Sorbs2
1.28E-82,0.653876764,0.744,0.349,1.67E-79,Cluster 2,Ntn4
1.91E-82,0.463241232,0.996,0.848,2.49E-79,Cluster 2,Gabra1
3.88E-82,0.322105003,0.998,0.968,5.05E-79,Cluster 2,Scn8a
6.49E-82,0.405741401,0.989,0.881,8.45E-79,Cluster 2,Osbpl1a
9.06E-82,0.621166607,0.755,0.32,1.18E-78,Cluster 2,Rerg
1.07E-81,0.462489905,0.991,0.861,1.40E-78,Cluster 2,Ank1
1.10E-80,0.459240948,0.982,0.839,1.43E-77,Cluster 2,Cux1
1.10E-80,0.516053407,0.964,0.795,1.43E-77,Cluster 2,Usp25
1.40E-80,0.422064886,0.998,0.904,1.82E-77,Cluster 2,Clec16a
3.62E-80,0.282784643,1,0.998,4.71E-77,Cluster 2,Dlgap1
4.20E-80,0.442193625,0.988,0.868,5.47E-77,Cluster 2,Dgkh
6.35E-80,0.274982738,1,0.985,8.26E-77,Cluster 2,Strbp
4.00E-77,0.404418852,0.998,0.968,5.21E-74,Cluster 2,Rora
1.79E-76,0.394752403,0.996,0.895,2.33E-73,Cluster 2,Prickle2
8.56E-76,0.610282634,0.865,0.528,1.11E-72,Cluster 2,Sytl2
1.69E-75,0.454650107,0.986,0.894,2.20E-72,Cluster 2,Tenm1
4.61E-75,0.283438442,1,0.98,6.00E-72,Cluster 2,Ldhb
1.06E-74,0.329228852,0.998,0.975,1.38E-71,Cluster 2,Rbms3
1.10E-74,0.283739023,1,0.984,1.43E-71,Cluster 2,Camta1
2.54E-74,0.448214943,0.979,0.828,3.30E-71,Cluster 2,Kcnab1
2.48E-73,0.318664331,0.998,0.972,3.22E-70,Cluster 2,Sparcl1
2.58E-73,0.373604346,0.995,0.915,3.36E-70,Cluster 2,Man1a2
6.67E-72,0.303927712,1,0.998,8.69E-69,Cluster 2,Arhgap21
9.51E-72,0.350281281,0.998,0.94,1.24E-68,Cluster 2,Cacna1a
1.78E-71,0.323933091,0.998,0.977,2.32E-68,Cluster 2,Dlgap2
2.48E-71,0.278470159,1,0.993,3.23E-68,Cluster 2,Magi2
1.29E-70,0.542636206,0.877,0.581,1.68E-67,Cluster 2,Trpm2
2.77E-70,0.459288815,0.968,0.797,3.61E-67,Cluster 2,Fam134b
4.66E-70,0.32093033,1,0.989,6.07E-67,Cluster 2,Rbfox1
9.65E-70,0.395626468,0.991,0.864,1.26E-66,Cluster 2,Adrbk2
8.46E-69,0.511287181,0.956,0.632,1.10E-65,Cluster 2,Tox3
1.18E-68,0.31201157,0.996,0.948,1.53E-65,Cluster 2,Trio
3.09E-68,0.503389949,0.931,0.644,4.02E-65,Cluster 2,Dok5
2.10E-67,0.507559615,0.748,0.358,2.73E-64,Cluster 2,Col11a1
2.75E-67,0.320587725,0.998,0.935,3.58E-64,Cluster 2,Got1
2.92E-67,0.452396671,0.982,0.793,3.80E-64,Cluster 2,Arid5b
4.10E-67,0.320014024,0.998,0.95,5.34E-64,Cluster 2,Itsn1
4.46E-66,0.362838647,0.995,0.923,5.80E-63,Cluster 2,Prickle1
7.47E-65,0.369978761,0.996,0.891,9.72E-62,Cluster 2,Gabrb2
1.22E-64,0.334508809,0.998,0.933,1.59E-61,Cluster 2,Nav3
2.03E-64,0.561000353,0.837,0.5,2.65E-61,Cluster 2,Lin7a
1.66E-63,0.507288799,0.901,0.623,2.16E-60,Cluster 2,St8sia1
3.65E-62,0.456120375,0.934,0.707,4.75E-59,Cluster 2,Hspa12a
1.03E-60,0.361318756,0.989,0.889,1.34E-57,Cluster 2,Dclk2
1.17E-60,0.27076722,1,0.973,1.52E-57,Cluster 2,Atp2a2
1.20E-60,0.309307151,0.993,0.93,1.56E-57,Cluster 2,Scn1b
1.74E-60,0.354879512,0.996,0.891,2.26E-57,Cluster 2,Osbpl3
8.19E-60,0.349603855,0.989,0.956,1.07E-56,Cluster 2,Sh3rf3
2.41E-59,0.310561502,0.998,0.943,3.14E-56,Cluster 2,Klf12
4.92E-59,0.449185204,0.943,0.675,6.40E-56,Cluster 2,Lrrtm3
5.44E-59,0.452408394,0.957,0.759,7.08E-56,Cluster 2,Arhgef3
3.68E-58,0.329908103,0.98,0.889,4.79E-55,Cluster 2,Mpp6
6.28E-58,0.301341604,0.993,0.924,8.18E-55,Cluster 2,Ccdc136
1.05E-57,0.295183823,1,0.987,1.37E-54,Cluster 2,Lsamp
1.31E-57,0.308086173,0.998,0.981,1.71E-54,Cluster 2,Tenm2
2.08E-57,0.474742099,0.929,0.852,2.71E-54,Cluster 2,Luzp2
3.81E-57,0.742924885,0.799,0.597,4.97E-54,Cluster 2,Slit3
1.27E-56,0.404813545,0.956,0.8,1.65E-53,Cluster 2,Clip4
1.27E-56,0.31289809,0.986,0.941,1.66E-53,Cluster 2,Setbp1
9.57E-56,0.346332189,0.979,0.853,1.25E-52,Cluster 2,Cabp1
7.41E-55,0.46562556,0.945,0.816,9.65E-52,Cluster 2,Wbscr17
3.29E-54,0.290780029,0.993,0.96,4.28E-51,Cluster 2,Exoc4
3.41E-53,0.478984755,0.876,0.573,4.44E-50,Cluster 2,Xylt1
3.44E-53,0.365477141,0.973,0.818,4.48E-50,Cluster 2,Wasf3
4.51E-53,0.378938426,0.991,0.818,5.87E-50,Cluster 2,Adcy8
3.43E-52,0.802792785,0.673,0.435,4.47E-49,Cluster 2,Ndst3
5.33E-52,0.448433741,0.915,0.703,6.94E-49,Cluster 2,Fhod3
5.44E-52,0.517868376,0.774,0.474,7.09E-49,Cluster 2,Golim4
6.71E-52,0.564754488,0.737,0.423,8.73E-49,Cluster 2,Parm1
2.22E-51,0.319419892,0.998,0.915,2.89E-48,Cluster 2,Elavl2
2.30E-51,0.322096795,0.995,0.899,2.99E-48,Cluster 2,Ralgapa2
1.59E-50,0.344624475,0.979,0.855,2.07E-47,Cluster 2,Ppm1l
3.90E-50,0.38713891,0.961,0.822,5.08E-47,Cluster 2,Dip2a
1.35E-49,0.59819525,0.813,0.557,1.76E-46,Cluster 2,Inpp4b
1.39E-49,0.363669802,0.968,0.832,1.80E-46,Cluster 2,Rps6ka2
1.74E-49,0.471370794,0.803,0.478,2.26E-46,Cluster 2,Wls
1.81E-49,0.384710323,0.964,0.761,2.35E-46,Cluster 2,Prkag2
3.19E-49,0.332944053,0.984,0.89,4.15E-46,Cluster 2,Trerf1
4.35E-49,0.389300345,0.964,0.8,5.67E-46,Cluster 2,Far2
4.71E-49,0.271703414,1,0.952,6.14E-46,Cluster 2,Nebl
5.97E-49,0.358650932,0.966,0.836,7.78E-46,Cluster 2,Sgk1
6.52E-49,0.396808629,0.936,0.742,8.48E-46,Cluster 2,Arhgap20
4.44E-48,0.520732989,0.522,0.236,5.78E-45,Cluster 2,Ppfibp1
6.85E-48,0.325862099,0.984,0.883,8.92E-45,Cluster 2,Gabrg2
1.19E-47,0.305259081,0.996,0.93,1.55E-44,Cluster 2,Tenm4
1.54E-47,0.312391072,0.993,0.918,2.00E-44,Cluster 2,Atp8a2
6.18E-47,0.412702444,0.909,0.706,8.05E-44,Cluster 2,Tfdp2
1.86E-46,0.382190805,0.979,0.892,2.42E-43,Cluster 2,Tle4
1.96E-46,0.351474571,0.973,0.718,2.55E-43,Cluster 2,Adra1a
2.02E-46,0.461316228,0.712,0.401,2.63E-43,Cluster 2,Prr16
2.52E-46,0.315857356,0.993,0.876,3.28E-43,Cluster 2,Clvs1
3.90E-46,0.381608324,0.906,0.687,5.08E-43,Cluster 2,Lpcat4
1.13E-45,0.28377101,0.996,0.899,1.47E-42,Cluster 2,Ndfip2
1.39E-45,0.30579027,0.995,0.931,1.81E-42,Cluster 2,Cacng2
3.23E-45,0.306384719,0.979,0.896,4.21E-42,Cluster 2,Camk2g
7.65E-45,0.438419637,0.876,0.666,9.96E-42,Cluster 2,Glcci1
8.89E-45,0.352181769,0.975,0.815,1.16E-41,Cluster 2,Slco3a1
1.29E-44,0.378132683,0.954,0.782,1.68E-41,Cluster 2,Rnf150
2.27E-44,0.321345112,0.998,0.96,2.95E-41,Cluster 2,Opcml
2.52E-44,0.340180132,0.979,0.84,3.28E-41,Cluster 2,Fut9
1.07E-43,0.375468371,0.957,0.689,1.40E-40,Cluster 2,Tshz3
1.07E-43,0.264322661,0.991,0.929,1.40E-40,Cluster 2,Slc6a17
3.62E-43,0.305887931,0.975,0.841,4.72E-40,Cluster 2,Dgkz
1.63E-42,0.335846603,0.977,0.755,2.12E-39,Cluster 2,Alcam
1.75E-42,0.381166364,0.952,0.626,2.27E-39,Cluster 2,Kctd8
2.45E-42,0.369653086,0.938,0.739,3.19E-39,Cluster 2,Zfyve28
2.82E-42,0.258787197,0.995,0.951,3.67E-39,Cluster 2,Rnf157
4.04E-42,0.307649435,0.986,0.84,5.26E-39,Cluster 2,Adcy1
4.83E-42,0.26125997,0.998,0.96,6.29E-39,Cluster 2,Grm5
1.41E-41,0.269431502,0.988,0.904,1.83E-38,Cluster 2,Srrm3
2.56E-41,0.495962175,0.378,0.147,3.33E-38,Cluster 2,Nxph2
4.35E-40,0.299396279,0.995,0.891,5.66E-37,Cluster 2,Kcnq3
5.59E-40,0.322772377,0.947,0.8,7.28E-37,Cluster 2,Slc4a8
1.04E-39,1.20805676,0.79,0.666,1.36E-36,Cluster 2,Il1rapl2
1.37E-39,0.379750224,0.892,0.657,1.78E-36,Cluster 2,Klhl5
1.62E-39,0.547922967,0.307,0.109,2.11E-36,Cluster 2,Col16a1
3.19E-39,0.310321228,0.964,0.822,4.15E-36,Cluster 2,Wwp1
2.20E-38,0.295392704,0.998,0.983,2.87E-35,Cluster 2,Pcdh9
3.51E-38,0.32216302,0.98,0.758,4.56E-35,Cluster 2,Ano4
3.60E-38,0.302981229,0.982,0.861,4.68E-35,Cluster 2,Dock9
1.57E-37,0.316593337,0.977,0.825,2.04E-34,Cluster 2,Cap2
1.70E-37,0.288423534,0.986,0.889,2.21E-34,Cluster 2,Ttll11
4.31E-37,0.291535027,0.982,0.897,5.61E-34,Cluster 2,Vps13d
4.30E-36,0.315142272,0.995,0.822,5.59E-33,Cluster 2,Ptprm
7.95E-36,0.315196349,0.853,0.54,1.04E-32,Cluster 2,Galnt18
7.73E-35,0.374258608,0.84,0.621,1.01E-31,Cluster 2,Optn
7.87E-35,0.301343937,0.979,0.852,1.02E-31,Cluster 2,Clstn2
1.03E-34,0.393232757,0.966,0.938,1.34E-31,Cluster 2,Cntn5
1.45E-34,0.315602108,0.979,0.823,1.88E-31,Cluster 2,Col19a1
1.69E-34,0.319124718,0.97,0.846,2.20E-31,Cluster 2,Galnt13
2.15E-34,0.318721601,0.957,0.705,2.80E-31,Cluster 2,Unc5d
1.53E-33,0.281587572,0.966,0.849,1.99E-30,Cluster 2,Sclt1
2.43E-33,0.344379172,0.854,0.64,3.17E-30,Cluster 2,Grm3
7.39E-33,0.456916819,0.71,0.473,9.62E-30,Cluster 2,Lmo3
8.11E-33,0.256533795,0.977,0.894,1.06E-29,Cluster 2,Rap1gap
1.11E-32,0.406028701,0.652,0.399,1.44E-29,Cluster 2,Abcc8
1.74E-32,0.591418758,0.51,0.303,2.27E-29,Cluster 2,Dach1
1.99E-32,0.268852832,0.98,0.863,2.59E-29,Cluster 2,Syt7
2.72E-32,0.345242279,0.769,0.507,3.55E-29,Cluster 2,Bach1
4.35E-32,0.326244672,0.817,0.542,5.66E-29,Cluster 2,Prmt8
3.49E-31,0.808889972,0.542,0.354,4.55E-28,Cluster 2,Ntng1
1.56E-30,0.304460988,0.911,0.726,2.03E-27,Cluster 2,Gnptab
2.65E-30,0.311734424,0.915,0.726,3.45E-27,Cluster 2,Mgat5
4.35E-30,0.303356751,0.947,0.783,5.67E-27,Cluster 2,Kcnt1
1.41E-29,0.363745428,0.869,0.733,1.84E-26,Cluster 2,Tmtc1
2.57E-29,0.297766156,0.874,0.624,3.34E-26,Cluster 2,Eepd1
4.14E-29,0.266510852,0.972,0.86,5.39E-26,Cluster 2,Taok3
5.75E-29,0.26461551,0.973,0.889,7.48E-26,Cluster 2,Bdp1
6.62E-29,0.284151455,0.986,0.857,8.62E-26,Cluster 2,Pkd1
8.00E-29,0.310542206,0.913,0.73,1.04E-25,Cluster 2,Cux2
2.38E-28,0.250569489,0.995,0.883,3.10E-25,Cluster 2,Mmp16
3.02E-28,0.254397015,0.964,0.848,3.93E-25,Cluster 2,Mark1
4.76E-28,0.332724824,0.766,0.541,6.20E-25,Cluster 2,Ppm1k
4.85E-28,0.310487406,0.849,0.579,6.32E-25,Cluster 2,Mafb
4.39E-27,0.251138457,0.975,0.85,5.72E-24,Cluster 2,Sirpa
7.21E-27,0.298482544,0.895,0.707,9.38E-24,Cluster 2,Map3k5
1.32E-26,0.279414912,0.901,0.733,1.71E-23,Cluster 2,Cdc5l
2.49E-26,0.323448402,0.821,0.614,3.24E-23,Cluster 2,Npas2
3.42E-26,0.2575124,0.956,0.809,4.45E-23,Cluster 2,Git2
4.15E-26,0.257146233,0.973,0.836,5.40E-23,Cluster 2,Myo16
6.59E-26,0.306024382,0.895,0.719,8.57E-23,Cluster 2,Nudt4
1.29E-24,0.257964549,0.854,0.6,1.68E-21,Cluster 2,Bcl11b
1.53E-24,0.366681353,0.78,0.607,1.99E-21,Cluster 2,Rgs4
1.68E-24,0.571223847,0.611,0.46,2.19E-21,Cluster 2,Plch1
3.79E-24,0.27040427,0.94,0.716,4.94E-21,Cluster 2,Zmat4
2.29E-23,0.255500732,0.972,0.891,2.98E-20,Cluster 2,Cntn6
6.48E-23,0.277270173,0.888,0.702,8.44E-20,Cluster 2,Gucy1b3
2.72E-22,0.311411674,1,0.763,3.54E-19,Cluster 2,Nxph1
1.20E-21,0.264087881,0.92,0.74,1.57E-18,Cluster 2,Myrip
2.21E-21,0.251045419,0.741,0.498,2.87E-18,Cluster 2,St6galnac5
2.90E-20,0.260256658,0.75,0.533,3.77E-17,Cluster 2,Rasgrp1
5.38E-20,0.25225829,0.92,0.802,7.01E-17,Cluster 2,Cdc14b
3.86E-17,0.259998005,0.639,0.451,5.02E-14,Cluster 2,Chst11
2.88E-14,0.417734276,0.734,0.657,3.75E-11,Cluster 2,Wif1
4.85E-10,0.304405524,0.428,0.309,6.31E-07,Cluster 2,Chrm2
9.37E-06,0.30035855,0.265,0.195,0.012194831,Cluster 2,Ryr1
0,2.089316382,0.999,0.195,0,Cluster 3,Sst
0,1.369582095,0.987,0.48,0,Cluster 3,Grin3a
0,1.194450673,0.988,0.701,0,Cluster 3,Grik3
0,1.149988711,0.967,0.608,0,Cluster 3,Trhde
2.72E-300,0.987416903,0.969,0.497,3.54E-297,Cluster 3,Stxbp6
1.86E-251,0.685792201,0.998,0.77,2.43E-248,Cluster 3,Rab3b
8.20E-242,0.669110645,0.988,0.795,1.07E-238,Cluster 3,Neto1
6.93E-233,0.610478245,0.991,0.853,9.02E-230,Cluster 3,Dgkg
7.28E-229,1.221105515,0.899,0.702,9.48E-226,Cluster 3,Lama4
1.87E-228,1.211087846,0.865,0.487,2.44E-225,Cluster 3,Pde1a
1.17E-222,1.101228742,0.868,0.545,1.52E-219,Cluster 3,Ano3
1.59E-212,0.569128259,0.983,0.835,2.08E-209,Cluster 3,Cers6
3.02E-208,0.902756336,0.884,0.504,3.93E-205,Cluster 3,Cdh4
3.54E-196,0.553777245,0.999,0.958,4.61E-193,Cluster 3,Pitpnc1
1.45E-190,0.661841564,0.975,0.687,1.89E-187,Cluster 3,Runx1t1
5.05E-188,0.707092845,0.933,0.63,6.58E-185,Cluster 3,Neto2
7.23E-187,0.582085545,0.975,0.855,9.42E-184,Cluster 3,Cntn3
1.66E-185,0.814910579,0.975,0.887,2.16E-182,Cluster 3,Ralyl
1.92E-177,0.626061582,0.99,0.804,2.50E-174,Cluster 3,Cacna2d3
2.84E-173,0.662358928,0.949,0.742,3.69E-170,Cluster 3,Mcc
3.18E-173,0.690912829,0.961,0.759,4.15E-170,Cluster 3,Sema6d
3.60E-172,0.754071186,0.958,0.577,4.69E-169,Cluster 3,Sox6
3.53E-170,1.029273186,0.769,0.389,4.59E-167,Cluster 3,Tox
6.90E-170,1.295667871,0.701,0.338,8.99E-167,Cluster 3,Unc13c
5.73E-167,0.421038958,0.986,0.958,7.47E-164,Cluster 3,Lrrc7
1.28E-165,0.657820097,0.954,0.795,1.67E-162,Cluster 3,Tmeff2
2.73E-163,0.753901391,0.911,0.539,3.55E-160,Cluster 3,Kctd8
1.59E-161,0.742325967,0.918,0.706,2.07E-158,Cluster 3,Rgs6
2.82E-160,0.823584171,0.905,0.67,3.67E-157,Cluster 3,Pcdh11x
6.22E-159,0.655353881,0.947,0.699,8.10E-156,Cluster 3,Cacna1e
2.91E-154,0.701695474,0.937,0.849,3.79E-151,Cluster 3,Cdh13
8.26E-154,1.109867782,0.686,0.321,1.08E-150,Cluster 3,Calb1
6.73E-153,0.733023934,0.818,0.414,8.76E-150,Cluster 3,Gda
4.55E-149,0.542974696,0.989,0.94,5.93E-146,Cluster 3,Grm7
3.09E-145,0.563181107,0.996,0.685,4.02E-142,Cluster 3,Nxph1
9.72E-141,0.510649233,0.972,0.817,1.27E-137,Cluster 3,Sh3kbp1
1.06E-139,0.496730305,0.973,0.921,1.38E-136,Cluster 3,Chrm3
1.38E-138,0.590165124,0.92,0.621,1.80E-135,Cluster 3,Tshz3
4.10E-138,0.708658687,0.882,0.54,5.33E-135,Cluster 3,Reln
8.99E-138,0.527444584,0.954,0.757,1.17E-134,Cluster 3,Cacng3
4.80E-127,0.563683683,0.911,0.644,6.24E-124,Cluster 3,Spats2l
8.79E-127,0.674345989,0.809,0.505,1.14E-123,Cluster 3,Cpne5
1.38E-126,0.655353633,0.785,0.406,1.79E-123,Cluster 3,Shisa6
5.57E-125,0.465135947,0.98,0.849,7.25E-122,Cluster 3,Gria3
2.25E-124,0.386070993,0.978,0.898,2.93E-121,Cluster 3,Garnl3
5.89E-124,0.39116904,0.984,0.95,7.67E-121,Cluster 3,Park2
3.40E-123,0.617945554,0.898,0.632,4.42E-120,Cluster 3,Adcy2
1.93E-122,0.308143049,0.999,0.993,2.51E-119,Cluster 3,Cadm2
1.05E-117,0.74394864,0.865,0.664,1.37E-114,Cluster 3,Thsd7b
4.70E-117,0.715204802,0.827,0.581,6.12E-114,Cluster 3,Cdh9
2.17E-116,0.601503419,0.926,0.723,2.83E-113,Cluster 3,Lhfpl3
1.52E-113,0.594468867,0.814,0.443,1.98E-110,Cluster 3,Ephb6
4.26E-113,0.330140021,0.999,0.986,5.54E-110,Cluster 3,Rbfox1
1.79E-109,0.453562397,0.985,0.649,2.33E-106,Cluster 3,Mpped1
3.71E-109,0.512855697,0.924,0.677,4.84E-106,Cluster 3,Bcl11a
1.40E-107,0.480277433,0.98,0.851,1.82E-104,Cluster 3,Grik1
1.34E-106,0.367291742,0.996,0.983,1.74E-103,Cluster 3,Negr1
7.49E-106,0.418483153,0.983,0.869,9.75E-103,Cluster 3,Slc8a1
7.83E-105,0.506657752,0.996,0.656,1.02E-101,Cluster 3,Synpr
3.52E-103,0.392317906,0.992,0.954,4.58E-100,Cluster 3,Chl1
7.31E-101,0.393100215,0.99,0.924,9.51E-98,Cluster 3,Asic2
1.65E-98,0.478823596,0.928,0.694,2.15E-95,Cluster 3,Ptprr
4.25E-98,0.323100711,0.996,0.964,5.53E-95,Cluster 3,Oxr1
1.41E-95,0.276090843,1,0.995,1.83E-92,Cluster 3,Celf2
4.84E-95,0.408562866,0.99,0.956,6.30E-92,Cluster 3,Grid2
1.98E-89,0.658332145,0.911,0.875,2.58E-86,Cluster 3,Mgat4c
3.38E-89,0.858699821,0.321,0.075,4.40E-86,Cluster 3,Cbln4
3.39E-88,0.362018254,0.977,0.923,4.42E-85,Cluster 3,Smarca2
1.06E-87,0.498502482,0.79,0.508,1.38E-84,Cluster 3,Kcnmb4
6.58E-87,0.296471848,0.993,0.962,8.56E-84,Cluster 3,Iqsec1
3.02E-86,0.319900345,0.999,0.982,3.94E-83,Cluster 3,Gria1
2.95E-84,0.263129752,0.993,0.968,3.84E-81,Cluster 3,Xkr4
1.03E-81,0.47696699,0.812,0.508,1.34E-78,Cluster 3,Xylt1
1.63E-81,0.33761164,0.981,0.849,2.13E-78,Cluster 3,Pde2a
1.64E-80,0.299830552,0.99,0.951,2.13E-77,Cluster 3,Ryr2
1.94E-80,0.436569734,0.911,0.733,2.52E-77,Cluster 3,Slc9a9
6.44E-80,0.563846677,0.94,0.893,8.39E-77,Cluster 3,Prkg1
2.34E-78,0.293880866,0.984,0.92,3.05E-75,Cluster 3,Arhgap26
5.36E-78,0.311791179,0.989,0.909,6.98E-75,Cluster 3,Mical2
1.00E-77,0.327016093,0.993,0.955,1.30E-74,Cluster 3,Epha6
1.89E-77,0.574004073,0.552,0.271,2.46E-74,Cluster 3,Cdh22
2.91E-77,0.37964131,0.965,0.788,3.79E-74,Cluster 3,Efna5
1.01E-76,0.447640671,0.82,0.508,1.31E-73,Cluster 3,Scn3b
1.29E-75,0.734403516,0.316,0.086,1.68E-72,Cluster 3,Gpx3
2.16E-75,0.252358554,0.997,0.956,2.82E-72,Cluster 3,Tmem130
2.35E-75,0.581888412,0.663,0.402,3.06E-72,Cluster 3,Kcnh5
2.74E-74,0.348216285,0.969,0.785,3.57E-71,Cluster 3,Timp2
2.76E-73,0.256607093,0.993,0.973,3.60E-70,Cluster 3,Dlgap2
9.48E-72,0.308351761,0.978,0.891,1.23E-68,Cluster 3,Dapk1
1.60E-71,0.395400338,0.972,0.707,2.08E-68,Cluster 3,Fam135b
2.27E-71,0.26212015,0.977,0.924,2.95E-68,Cluster 3,Arnt2
3.30E-71,0.436111367,0.809,0.511,4.29E-68,Cluster 3,Mafb
4.95E-71,0.504910707,0.821,0.565,6.44E-68,Cluster 3,Npy
4.87E-70,0.318537963,0.962,0.875,6.34E-67,Cluster 3,Kcnq3
1.58E-69,0.399566578,0.924,0.824,2.06E-66,Cluster 3,Fam189a1
2.13E-69,0.3561017,0.981,0.922,2.78E-66,Cluster 3,Astn2
1.37E-68,0.307140397,0.993,0.868,1.78E-65,Cluster 3,Kcnc2
3.19E-67,0.258228782,0.984,0.922,4.15E-64,Cluster 3,Csrnp3
9.16E-67,0.370894126,0.924,0.726,1.19E-63,Cluster 3,Gap43
1.24E-65,0.295234643,0.96,0.896,1.62E-62,Cluster 3,Atp1a1
1.46E-65,0.375944345,0.961,0.893,1.90E-62,Cluster 3,Pcdh7
6.96E-65,0.306140369,0.971,0.859,9.07E-62,Cluster 3,Mmp16
1.49E-64,0.365139934,0.905,0.746,1.94E-61,Cluster 3,Ccdc30
4.48E-64,0.250232678,0.99,0.912,5.83E-61,Cluster 3,Uchl1
1.46E-63,0.379948962,0.861,0.648,1.91E-60,Cluster 3,Cacng8
1.56E-63,0.251726604,0.993,0.982,2.03E-60,Cluster 3,Kcnma1
3.36E-63,0.253150109,0.984,0.936,4.37E-60,Cluster 3,Daam1
7.49E-63,0.451392659,0.809,0.624,9.75E-60,Cluster 3,Kif26b
8.17E-63,0.311784317,0.962,0.846,1.06E-59,Cluster 3,Plxna2
9.15E-63,0.358754868,0.972,0.748,1.19E-59,Cluster 3,Dscam
3.24E-61,0.645148003,0.667,0.458,4.22E-58,Cluster 3,St6galnac5
4.01E-61,0.4889279,0.476,0.222,5.23E-58,Cluster 3,Ano5
2.61E-60,0.396232395,0.862,0.691,3.39E-57,Cluster 3,Tmtc1
3.49E-60,0.319174043,0.953,0.808,4.54E-57,Cluster 3,Fut9
5.80E-60,0.436730594,0.695,0.398,7.55E-57,Cluster 3,Npas1
2.11E-59,0.321785492,0.929,0.768,2.75E-56,Cluster 3,Cadm3
2.11E-59,0.263070044,0.987,0.913,2.75E-56,Cluster 3,Pak1
1.28E-58,0.319219835,0.977,0.904,1.66E-55,Cluster 3,Serpini1
1.63E-57,0.608599926,0.866,0.768,2.12E-54,Cluster 3,Ptprt
1.89E-57,0.445871543,0.639,0.376,2.46E-54,Cluster 3,Fat1
6.00E-57,0.31159611,0.931,0.833,7.81E-54,Cluster 3,Tln2
7.03E-56,0.260386766,0.977,0.887,9.15E-53,Cluster 3,Syt4
1.34E-55,0.352332514,0.881,0.654,1.75E-52,Cluster 3,Ak5
3.94E-55,0.302625575,0.954,0.81,5.13E-52,Cluster 3,Inpp4a
3.53E-54,0.313498322,0.949,0.844,4.59E-51,Cluster 3,Mctp1
3.66E-54,0.469058972,0.842,0.72,4.76E-51,Cluster 3,Nell1
1.35E-52,0.26449561,0.984,0.914,1.75E-49,Cluster 3,Tenm4
4.98E-52,0.314998382,0.937,0.733,6.49E-49,Cluster 3,Kcnt1
6.87E-51,0.349380242,0.832,0.617,8.94E-48,Cluster 3,Wdr17
2.18E-50,0.296944054,0.92,0.77,2.83E-47,Cluster 3,Pdzd2
4.61E-50,0.3968666,0.812,0.648,6.00E-47,Cluster 3,Cdh8
3.08E-48,0.268138251,0.958,0.836,4.01E-45,Cluster 3,Ank1
3.16E-48,0.259231534,0.961,0.843,4.11E-45,Cluster 3,Wasf1
8.11E-48,0.264238092,0.974,0.876,1.06E-44,Cluster 3,Grin2a
1.22E-47,0.304832763,0.864,0.713,1.59E-44,Cluster 3,Gpc6
2.54E-47,0.264173918,0.966,0.903,3.31E-44,Cluster 3,Gucy1a2
2.79E-47,0.333411779,0.812,0.581,3.63E-44,Cluster 3,St8sia1
8.08E-47,0.31737047,0.935,0.812,1.05E-43,Cluster 3,Myo16
9.39E-46,0.318292208,0.654,0.424,1.22E-42,Cluster 3,Lingo1
1.81E-45,0.304503262,0.984,0.77,2.36E-42,Cluster 3,Ptprm
4.96E-44,0.28583553,0.919,0.759,6.45E-41,Cluster 3,Fam110b
5.41E-44,0.40636546,0.998,0.993,7.05E-41,Cluster 3,Tmtc2
1.20E-43,0.389827886,0.743,0.556,1.56E-40,Cluster 3,Cpne4
3.27E-43,0.254544747,0.955,0.85,4.26E-40,Cluster 3,Vps13a
1.54E-42,0.510684935,0.87,0.812,2.00E-39,Cluster 3,Stard13
1.61E-41,0.272209229,0.926,0.767,2.10E-38,Cluster 3,Far2
1.08E-40,0.262496253,0.913,0.68,1.41E-37,Cluster 3,Brinp2
3.99E-40,0.265757374,0.878,0.689,5.20E-37,Cluster 3,Cux2
1.12E-39,0.394343684,0.779,0.611,1.46E-36,Cluster 3,Grm3
1.52E-39,0.260829776,0.934,0.805,1.98E-36,Cluster 3,Dync2h1
1.68E-39,0.251163067,0.949,0.87,2.19E-36,Cluster 3,Cnksr2
3.33E-39,0.277030232,0.88,0.698,4.34E-36,Cluster 3,Mfsd6
2.97E-38,0.324137206,0.904,0.814,3.87E-35,Cluster 3,Col19a1
5.10E-38,0.252947472,0.882,0.702,6.63E-35,Cluster 3,Ssbp3
1.05E-36,0.287948697,0.83,0.681,1.36E-33,Cluster 3,Map3k5
3.98E-35,0.473771676,0.446,0.258,5.19E-32,Cluster 3,Chrm2
9.61E-35,0.307127973,0.88,0.772,1.25E-31,Cluster 3,Fat3
1.13E-34,0.666885154,0.432,0.285,1.47E-31,Cluster 3,Pou6f2
3.25E-34,0.368272818,0.889,0.764,4.23E-31,Cluster 3,Brinp3
1.29E-33,0.257918922,0.859,0.693,1.68E-30,Cluster 3,Rhbdd2
3.27E-33,0.267090423,0.894,0.798,4.26E-30,Cluster 3,Pex5l
4.65E-30,0.271011138,0.722,0.528,6.06E-27,Cluster 3,Pacrg
9.62E-30,0.255956453,0.766,0.582,1.25E-26,Cluster 3,Mast3
2.41E-29,0.364173516,0.691,0.57,3.14E-26,Cluster 3,Ryr3
1.32E-24,0.250107237,0.517,0.347,1.72E-21,Cluster 3,Slit1
1.34E-23,0.441476655,0.788,0.741,1.75E-20,Cluster 3,Sgcd
2.96E-22,0.280357331,0.627,0.471,3.86E-19,Cluster 3,Eya4
9.50E-22,0.475177228,0.49,0.376,1.24E-18,Cluster 3,Col11a1
9.00E-21,0.28785962,0.286,0.167,1.17E-17,Cluster 3,Ptprb
2.32E-19,0.274064395,0.587,0.448,3.02E-16,Cluster 3,Cep112
1.86E-14,0.271616921,0.46,0.344,2.42E-11,Cluster 3,Rerg
5.94E-11,0.300787436,0.419,0.332,7.73E-08,Cluster 3,Csgalnact1
1.67E-10,0.421938649,0.681,0.662,2.17E-07,Cluster 3,Nkain3
2.86E-07,0.279359649,0.257,0.193,0.000372771,Cluster 3,Tacr1
0.00495686,0.363209363,0.616,0.663,1,Cluster 3,Olfm3
0,2.151649963,0.992,0.221,0,Cluster 4,Lamp5
1.43E-231,1.723779092,0.912,0.247,1.86E-228,Cluster 4,Sv2c
1.86E-190,1.525974195,0.984,0.529,2.42E-187,Cluster 4,Cacna2d1
5.66E-176,1.076308299,0.989,0.833,7.37E-173,Cluster 4,Fgf13
8.39E-170,1.251587917,0.896,0.239,1.09E-166,Cluster 4,Egfr
2.57E-168,1.113660559,0.992,0.847,3.34E-165,Cluster 4,Nyap2
6.13E-167,1.249055726,0.973,0.506,7.98E-164,Cluster 4,Igsf11
8.47E-167,1.186973681,0.997,0.66,1.10E-163,Cluster 4,Nfib
2.82E-164,1.293816948,0.992,0.441,3.67E-161,Cluster 4,Kit
2.11E-160,1.354276381,0.941,0.427,2.75E-157,Cluster 4,Pld5
3.34E-153,1.232612992,0.939,0.411,4.35E-150,Cluster 4,Trpc5
6.56E-144,0.705315582,0.997,0.984,8.54E-141,Cluster 4,Phactr1
1.20E-141,0.806526413,0.979,0.882,1.56E-138,Cluster 4,Rimbp2
1.02E-138,1.085344809,0.987,0.812,1.33E-135,Cluster 4,Sgcz
1.36E-132,1.095616263,0.909,0.451,1.78E-129,Cluster 4,Vgll4
2.33E-126,0.944448949,0.955,0.715,3.03E-123,Cluster 4,Mpdz
8.11E-125,0.879086015,0.987,0.723,1.06E-121,Cluster 4,Zmat4
2.99E-124,0.921714972,0.979,0.712,3.89E-121,Cluster 4,Pip5k1b
3.81E-123,0.904078998,0.968,0.807,4.96E-120,Cluster 4,Unc5c
2.34E-120,0.956362687,0.944,0.716,3.05E-117,Cluster 4,Adamts17
2.82E-120,1.279823337,0.853,0.404,3.67E-117,Cluster 4,Hs3st4
4.84E-116,1.067363361,0.971,0.859,6.31E-113,Cluster 4,Lmo7
1.02E-113,1.011050118,0.955,0.604,1.33E-110,Cluster 4,Caln1
2.66E-113,0.79315324,0.987,0.731,3.46E-110,Cluster 4,Adra1a
3.12E-106,0.505391323,1,0.988,4.06E-103,Cluster 4,Slc6a1
1.98E-102,0.483909567,0.989,0.98,2.58E-99,Cluster 4,Dner
5.13E-100,0.465631916,0.995,0.975,6.68E-97,Cluster 4,Rab3c
4.34E-99,0.768555895,0.979,0.811,5.65E-96,Cluster 4,Alk
1.63E-96,0.875885591,0.952,0.569,2.12E-93,Cluster 4,Fstl4
4.74E-95,0.907542707,0.981,0.622,6.17E-92,Cluster 4,Npy
1.19E-94,0.446630836,1,0.976,1.55E-91,Cluster 4,Gad2
3.35E-92,0.878982622,0.912,0.542,4.36E-89,Cluster 4,Mlip
5.40E-90,0.674209772,0.995,0.869,7.03E-87,Cluster 4,Kcnq5
2.27E-89,0.549793669,0.979,0.901,2.96E-86,Cluster 4,Dscaml1
7.19E-89,0.897275711,0.869,0.47,9.37E-86,Cluster 4,Chrna7
6.84E-86,0.546419576,0.992,0.832,8.91E-83,Cluster 4,Ptprm
2.32E-83,0.450457819,0.984,0.94,3.03E-80,Cluster 4,Gabbr2
3.94E-83,0.879298887,0.85,0.428,5.14E-80,Cluster 4,Parm1
5.62E-83,0.690709371,0.93,0.671,7.32E-80,Cluster 4,Tox2
3.83E-82,0.63092103,0.957,0.856,4.99E-79,Cluster 4,Pak7
2.25E-81,0.502298179,0.979,0.938,2.93E-78,Cluster 4,Kctd16
1.68E-80,0.751313288,0.914,0.634,2.19E-77,Cluster 4,Eepd1
9.44E-78,0.677310092,0.845,0.31,1.23E-74,Cluster 4,Prox1
4.05E-77,0.364354642,1,0.994,5.27E-74,Cluster 4,Gad1
9.04E-76,0.512740463,0.992,0.897,1.18E-72,Cluster 4,Gabrb2
1.73E-75,0.460481868,0.987,0.932,2.25E-72,Cluster 4,Tsc22d1
6.56E-75,0.768234342,0.995,0.538,8.55E-72,Cluster 4,Adarb2
6.85E-75,0.71138559,0.904,0.548,8.92E-72,Cluster 4,Prmt8
1.19E-73,0.804615591,0.901,0.616,1.54E-70,Cluster 4,Hs3st5
4.91E-73,0.564064573,0.973,0.872,6.40E-70,Cluster 4,Mctp1
9.31E-73,0.665166522,0.947,0.651,1.21E-69,Cluster 4,Tox3
1.30E-71,0.66643155,0.92,0.607,1.69E-68,Cluster 4,Bcl11b
2.00E-71,0.380893525,1,0.981,2.60E-68,Cluster 4,Rgs7bp
6.50E-71,0.693864448,0.965,0.719,8.46E-68,Cluster 4,Unc5d
8.42E-70,0.633842449,0.965,0.774,1.10E-66,Cluster 4,Itpr1
5.17E-68,0.484779486,0.995,0.942,6.73E-65,Cluster 4,Dab1
1.69E-67,0.419166661,0.989,0.942,2.20E-64,Cluster 4,Sipa1l1
5.42E-64,0.582388312,0.944,0.714,7.06E-61,Cluster 4,Ak5
3.07E-63,0.501596305,0.987,0.941,3.99E-60,Cluster 4,Kcnh7
3.16E-63,0.571644358,0.995,0.937,4.11E-60,Cluster 4,Cntn5
8.71E-63,0.518557972,0.949,0.812,1.13E-59,Cluster 4,Camkv
6.34E-62,0.534946529,0.96,0.751,8.25E-59,Cluster 4,Mpped1
7.40E-60,0.41780273,0.995,0.97,9.64E-57,Cluster 4,Rora
1.21E-59,0.671699779,0.89,0.592,1.58E-56,Cluster 4,Mapk4
1.25E-59,0.29896312,0.997,0.986,1.62E-56,Cluster 4,Rapgef4
2.21E-59,0.444887328,1,0.97,2.88E-56,Cluster 4,Frmpd4
4.56E-59,0.476220458,0.973,0.85,5.94E-56,Cluster 4,Adcy1
2.75E-58,0.417387063,0.984,0.941,3.58E-55,Cluster 4,Slc2a13
2.82E-58,0.653140286,0.901,0.592,3.67E-55,Cluster 4,Chsy3
7.66E-57,0.55687902,0.944,0.745,9.97E-54,Cluster 4,Brinp2
1.75E-56,0.406224741,0.979,0.927,2.28E-53,Cluster 4,Osbpl8
1.89E-56,0.459100764,0.96,0.856,2.46E-53,Cluster 4,Susd4
3.39E-56,0.28939994,1,0.994,4.41E-53,Cluster 4,Celf4
4.22E-56,0.372090863,0.992,0.942,5.50E-53,Cluster 4,Rgs7
1.58E-54,0.461298158,0.981,0.868,2.06E-51,Cluster 4,Gas7
1.66E-54,0.563175875,0.952,0.789,2.16E-51,Cluster 4,Pid1
5.03E-54,0.636985758,0.837,0.458,6.55E-51,Cluster 4,Necab1
1.70E-53,0.351398709,0.995,0.955,2.22E-50,Cluster 4,Ncald
2.44E-53,0.549941953,0.968,0.692,3.17E-50,Cluster 4,Sox5
5.50E-52,0.408809067,0.981,0.911,7.16E-49,Cluster 4,Spock1
5.09E-51,0.335043042,0.979,0.945,6.63E-48,Cluster 4,Ftx
5.10E-51,0.374312573,0.989,0.923,6.65E-48,Cluster 4,Zbtb16
1.68E-50,0.368659893,0.995,0.969,2.18E-47,Cluster 4,Nmnat2
1.68E-50,0.554829544,0.906,0.661,2.19E-47,Cluster 4,Ptpro
2.02E-50,0.321561711,1,0.978,2.63E-47,Cluster 4,Olfm1
2.06E-50,0.46144055,0.973,0.905,2.68E-47,Cluster 4,Grin2a
2.95E-50,0.56214195,0.914,0.661,3.84E-47,Cluster 4,Ust
1.15E-48,0.41296214,0.976,0.922,1.50E-45,Cluster 4,Cacnb2
7.18E-47,0.362604823,0.992,0.922,9.35E-44,Cluster 4,Rph3a
1.02E-46,0.429982977,0.976,0.915,1.33E-43,Cluster 4,Gabrg3
4.54E-45,0.370309942,1,0.998,5.91E-42,Cluster 4,Hdac9
1.36E-44,0.713743987,0.845,0.645,1.77E-41,Cluster 4,Reln
5.35E-43,0.593518967,0.824,0.626,6.97E-40,Cluster 4,Npas2
4.61E-42,0.43410984,0.96,0.757,6.01E-39,Cluster 4,Sez6
7.34E-42,0.620765286,0.89,0.748,9.56E-39,Cluster 4,Dock10
8.65E-42,0.340588203,0.981,0.939,1.13E-38,Cluster 4,Atrnl1
2.70E-41,0.335587924,0.971,0.941,3.52E-38,Cluster 4,Nalcn
3.51E-40,0.268394807,0.997,0.994,4.57E-37,Cluster 4,Sepw1
8.15E-40,0.480378256,0.914,0.776,1.06E-36,Cluster 4,Maml3
8.30E-40,0.296610207,0.997,0.962,1.08E-36,Cluster 4,Grm5
2.39E-39,0.409245628,0.984,0.866,3.11E-36,Cluster 4,Dgkb
4.04E-39,0.718052867,0.722,0.474,5.26E-36,Cluster 4,Cep112
8.49E-39,0.258261872,1,0.999,1.11E-35,Cluster 4,Atxn1
2.19E-38,0.576746597,0.789,0.524,2.85E-35,Cluster 4,Lin7a
4.72E-38,0.342468783,0.992,0.967,6.15E-35,Cluster 4,Nlgn1
1.11E-37,0.384824703,0.944,0.847,1.44E-34,Cluster 4,Cdkl5
1.89E-37,0.372871999,0.981,0.886,2.46E-34,Cluster 4,Prkca
2.43E-37,0.437420552,0.92,0.612,3.17E-34,Cluster 4,Shisa9
6.63E-37,0.369803735,0.997,0.973,8.63E-34,Cluster 4,Lrp1b
9.36E-37,0.33482583,0.965,0.911,1.22E-33,Cluster 4,Fry
2.67E-36,0.330787537,0.997,0.965,3.48E-33,Cluster 4,Csmd3
3.44E-36,0.325881028,0.968,0.938,4.48E-33,Cluster 4,Apba1
3.49E-36,0.549443209,0.666,0.367,4.54E-33,Cluster 4,Necab2
5.55E-36,0.642638705,0.46,0.205,7.23E-33,Cluster 4,Atp8b1
7.32E-36,0.45223728,0.674,0.338,9.53E-33,Cluster 4,Nr2f2
2.02E-35,0.552151365,0.802,0.581,2.64E-32,Cluster 4,Srgap1
4.16E-35,0.652674987,0.548,0.281,5.42E-32,Cluster 4,Gsg1l
6.18E-35,0.442297215,0.89,0.692,8.05E-32,Cluster 4,Ngef
8.12E-35,0.628225982,0.711,0.444,1.06E-31,Cluster 4,Ndst3
1.02E-34,0.281033151,0.955,0.938,1.33E-31,Cluster 4,Atp2c1
7.00E-34,0.321830533,0.957,0.919,9.12E-31,Cluster 4,Bach2
2.34E-33,0.38960568,0.947,0.685,3.05E-30,Cluster 4,Arpp21
6.86E-33,0.334302942,0.976,0.862,8.93E-30,Cluster 4,Ppm1l
7.75E-33,0.503360777,0.826,0.617,1.01E-29,Cluster 4,Gng7
9.33E-33,0.467970962,0.88,0.653,1.22E-29,Cluster 4,Nell2
5.11E-32,0.398244786,0.906,0.755,6.65E-29,Cluster 4,Camkk2
1.28E-31,0.43069022,0.85,0.522,1.66E-28,Cluster 4,Gabrd
1.93E-31,0.372190641,0.992,0.913,2.52E-28,Cluster 4,Lingo2
1.95E-31,0.450525215,0.952,0.89,2.53E-28,Cluster 4,Pde7b
1.82E-30,0.467914796,0.826,0.673,2.37E-27,Cluster 4,Dok5
1.86E-30,0.418306413,0.963,0.872,2.42E-27,Cluster 4,Epha3
5.52E-30,0.318020273,0.96,0.873,7.19E-27,Cluster 4,Fam19a5
1.43E-29,0.339995086,0.995,0.954,1.86E-26,Cluster 4,Erbb4
1.65E-29,0.539543829,0.719,0.476,2.15E-26,Cluster 4,Ghr
2.14E-29,0.365322483,0.906,0.823,2.79E-26,Cluster 4,Zeb1
2.75E-29,0.32330771,0.947,0.838,3.57E-26,Cluster 4,Cap2
2.90E-29,0.35631684,0.92,0.83,3.78E-26,Cluster 4,Slco3a1
4.24E-29,0.561111927,0.439,0.204,5.52E-26,Cluster 4,Ipcef1
4.27E-29,0.351489129,0.936,0.809,5.56E-26,Cluster 4,Arid5b
9.90E-29,0.342347897,0.941,0.832,1.29E-25,Cluster 4,Mir99ahg
1.01E-28,0.364240129,0.914,0.83,1.31E-25,Cluster 4,Map2k1
2.17E-28,0.347071817,0.922,0.776,2.83E-25,Cluster 4,Miat
5.09E-28,0.492726167,0.709,0.445,6.62E-25,Cluster 4,Fat1
6.26E-28,0.31465342,0.965,0.9,8.16E-25,Cluster 4,Rasgrf2
3.20E-27,0.333596214,0.949,0.917,4.16E-24,Cluster 4,Dlc1
1.68E-26,0.620777356,0.289,0.112,2.19E-23,Cluster 4,Adamtsl3
1.25E-25,0.649499014,0.479,0.242,1.63E-22,Cluster 4,Rxfp1
1.43E-25,0.328921316,0.939,0.826,1.86E-22,Cluster 4,Kcnd3
1.52E-25,0.3688548,0.898,0.71,1.98E-22,Cluster 4,Snca
2.63E-24,0.421422439,0.797,0.645,3.42E-21,Cluster 4,Rnf180
3.31E-24,0.289039951,0.952,0.886,4.31E-21,Cluster 4,Ptchd4
3.37E-24,0.318939661,0.939,0.825,4.38E-21,Cluster 4,Snx10
6.36E-24,0.251590888,0.976,0.923,8.28E-21,Cluster 4,Mef2a
9.15E-24,0.448981123,0.709,0.496,1.19E-20,Cluster 4,Gpr155
1.13E-23,0.300555074,0.952,0.895,1.47E-20,Cluster 4,Shank2
8.03E-23,0.425270057,0.754,0.54,1.05E-19,Cluster 4,Gda
1.07E-22,0.264184064,0.965,0.892,1.39E-19,Cluster 4,Cyp46a1
1.25E-22,0.288997882,0.989,0.857,1.63E-19,Cluster 4,Gabra1
2.10E-22,0.288192262,0.93,0.873,2.73E-19,Cluster 4,Pknox2
3.18E-22,0.275029308,0.971,0.923,4.14E-19,Cluster 4,Man1a2
1.54E-21,0.313509528,0.939,0.845,2.00E-18,Cluster 4,Fmn1
7.85E-21,0.298048197,0.936,0.749,1.02E-17,Cluster 4,Bcl11a
2.46E-20,0.307652884,0.957,0.891,3.20E-17,Cluster 4,Grik1
3.90E-20,0.269144697,0.912,0.868,5.07E-17,Cluster 4,Gdap1
9.46E-20,0.400361232,0.789,0.638,1.23E-16,Cluster 4,Slc39a11
3.28E-19,0.270833206,0.992,0.965,4.27E-16,Cluster 4,Kcnip4
2.36E-18,0.278931024,0.703,0.492,3.08E-15,Cluster 4,Phyhip
2.74E-18,0.345563898,0.824,0.654,3.56E-15,Cluster 4,Ctxn1
6.59E-18,0.290235705,0.856,0.644,8.58E-15,Cluster 4,Coro6
7.85E-18,0.296515567,0.893,0.815,1.02E-14,Cluster 4,Shc3
1.65E-17,0.298414218,0.971,0.78,2.15E-14,Cluster 4,Nxph1
1.77E-17,0.523007555,0.765,0.658,2.30E-14,Cluster 4,Wif1
1.79E-17,0.345663566,0.714,0.53,2.33E-14,Cluster 4,Kctd1
3.00E-17,0.443988446,0.821,0.704,3.91E-14,Cluster 4,Sema3e
5.42E-17,0.330472197,0.791,0.668,7.06E-14,Cluster 4,Lrrn2
8.32E-17,0.370629263,0.939,0.881,1.08E-13,Cluster 4,Synj2
1.24E-16,0.263758915,0.85,0.645,1.61E-13,Cluster 4,Trps1
3.33E-16,0.390847144,0.687,0.503,4.33E-13,Cluster 4,Nwd2
1.30E-15,0.302311914,0.775,0.572,1.69E-12,Cluster 4,Sphkap
2.04E-14,0.283541752,0.837,0.727,2.66E-11,Cluster 4,Sh3pxd2a
6.60E-14,0.261658315,0.861,0.801,8.60E-11,Cluster 4,Plekha6
2.11E-13,0.261269078,0.858,0.762,2.74E-10,Cluster 4,Arl4c
3.21E-13,0.340714738,0.596,0.42,4.18E-10,Cluster 4,Abcc8
5.21E-11,0.292566356,0.714,0.59,6.78E-08,Cluster 4,Atg7
2.70E-09,0.312289954,0.259,0.15,3.51E-06,Cluster 4,Ntng2
2.44E-08,0.259528082,0.789,0.73,3.18E-05,Cluster 4,Pls3
5.19E-08,0.277910997,0.73,0.645,6.76E-05,Cluster 4,Ptk2b
5.32E-07,0.273765083,0.527,0.412,0.00069304,Cluster 4,Mtus1
1.06E-06,0.270420488,0.27,0.173,0.001375699,Cluster 4,Frem1
2.88E-05,0.258295219,0.406,0.324,0.03753849,Cluster 4,Sv2b
4.35E-14,0.361615122,0.646,0.56,5.66E-11,Cluster 5,Cxcl14
7.36E-14,0.358399353,0.635,0.543,9.58E-11,Cluster 5,Cck
9.56E-13,0.551661418,0.418,0.314,1.24E-09,Cluster 5,Rgs12
1.08E-10,0.338360816,0.562,0.468,1.41E-07,Cluster 5,Ldb2
1.39E-10,0.509793961,0.256,0.165,1.82E-07,Cluster 5,Frem1
6.97E-10,0.399803113,0.566,0.468,9.08E-07,Cluster 5,Col25a1
1.69E-08,0.306232081,0.31,0.224,2.20E-05,Cluster 5,Gulp1
2.10E-08,0.299820829,0.438,0.356,2.73E-05,Cluster 5,Nr2f2
2.28E-08,0.96345056,0.582,0.544,2.97E-05,Cluster 5,Cadps2
1.18E-07,0.312502677,0.557,0.482,0.000153113,Cluster 5,Necab1
5.24E-07,0.359615976,0.795,0.749,0.000682395,Cluster 5,Trpm3
1.22E-05,0.328875232,0.454,0.397,0.015841332,Cluster 5,Fam19a1
0.000782914,0.251403829,0.308,0.256,1,Cluster 5,Rxfp1
